Date,Heads,Day_Result,Total_Bets,Total_Hands
2022-01-01,27,2226.567576427544,67021.39608266746,3398
2022-01-02,12,1816.7742046560104,41186.83518574745,3958
2022-01-03,13,-254.07898427945113,35400.768961404785,1155
2022-01-04,10,824.0131420741625,57594.32967395458,1950
2022-01-05,18,1578.7649304073266,29224.28038859714,1636
2022-01-06,9,-1905.2561853381749,42882.9918618733,2291
2022-01-07,26,607.3789881901411,35131.039268945744,2492
2022-01-08,31,146.1827175594759,65004.61263049578,3983
2022-01-09,30,1422.9692810827728,51157.783877582995,2716
2022-01-10,6,-825.8814932468297,32435.458909358968,1165
2022-01-11,18,365.94379917633034,22415.178285392867,1403
2022-01-12,12,1760.3179418171462,26162.611546751203,1332
2022-01-13,12,733.5004631775992,14231.770274256742,1150
2022-01-14,29,13.67121090341925,34503.115327117295,2647
2022-01-15,28,2555.0649836170214,57434.61501166728,3223
2022-01-16,15,735.4327014364065,76181.85418401561,4388
2022-01-17,9,1897.050239420286,23372.825002366942,1589
2022-01-18,11,2061.8356884857394,32607.6922290581,987
2022-01-19,17,822.2203083752535,31368.56486553526,2594
2022-01-20,12,284.1615855886842,33117.95734453397,1788
2022-01-21,20,1349.6831011656755,45786.79355928642,2746
2022-01-22,27,5612.784875052954,92680.38084524957,3400
2022-01-23,28,220.57769170354615,40214.08171519712,2535
2022-01-24,14,-32.78918299336023,14619.379846606285,1159
2022-01-25,10,-136.04589718155373,32854.480621036884,1242
2022-01-26,13,30.454325269011576,28146.75105060716,1626
2022-01-27,12,321.4824870694821,27365.15152012897,1997
2022-01-28,18,780.3354530379805,53965.62347216816,1952
2022-01-29,22,7765.909294437316,89885.98896426192,4073
2022-01-30,19,1032.4554908279206,75213.74476179402,3605
2022-01-31,7,-451.5654252663082,12679.55796858097,841
2022-02-01,17,508.8744811820945,39864.185871703135,1344
2022-02-02,15,-92.4890769705223,19075.60297114312,1674
2022-02-03,8,-842.1342389666193,27296.7421778235,1658
2022-02-04,21,253.7559208870902,76161.30045680965,3275
2022-02-05,24,4129.536945101226,77577.28164041071,3421
2022-02-06,23,-332.6856639899024,67971.22878136532,3002
2022-02-07,6,585.0502226461739,25165.2980164944,1745
2022-02-08,7,2089.1922173889056,19622.943557409228,1711
2022-02-09,11,1160.0586947095974,26572.407823634516,2291
2022-02-10,16,-2251.7164413190158,24878.21238533662,1478
2022-02-11,26,3484.425511283776,93013.42407631507,2861
2022-02-12,25,3828.8976583302665,84059.58584926515,3259
2022-02-13,23,3693.333567743852,66241.12940123532,2886
2022-02-14,9,-716.170485010048,23301.2303574578,1390
2022-02-15,13,2430.9299452307578,33397.70468602049,2054
2022-02-16,13,-112.54605091668927,19382.460815430655,853
2022-02-17,10,-612.6283976931142,5535.07229391675,262
2022-02-18,23,3389.0402033939167,108350.14928103861,3903
2022-02-19,23,-205.79453516256137,75247.55233172701,5159
2022-02-20,23,1995.6350283461727,64702.05842909874,2403
2022-02-21,4,-2479.1333004195685,51119.885393439276,1610
2022-02-22,19,-830.8520796680743,14292.358333803872,1205
2022-02-23,13,747.7448581650567,54801.32106426867,1795
2022-02-24,12,845.408779460302,42848.287462571716,2064
2022-02-25,23,-355.3384640451412,91592.61052114163,2850
2022-02-26,27,4623.571170709444,100010.81721234732,5214
2022-02-27,24,-1904.497861892022,53764.412462359076,2202
2022-02-28,5,579.7091566503034,16072.515338335863,1122
2022-03-01,12,-1192.8881354148855,34821.79002906734,1478
2022-03-02,15,1253.9861035201768,39449.026832159245,1985
2022-03-03,12,3742.47292787644,45712.45785887481,1181
2022-03-04,27,-1258.256746194923,91139.66895621656,4050
2022-03-05,30,4615.625212906301,95675.12253140718,3474
2022-03-06,20,1541.4435355897822,68080.70149764814,3395
2022-03-07,11,242.1442075792671,17062.858297532403,1194
2022-03-08,8,396.33314654569233,21483.57797107961,1906
2022-03-09,13,-350.9014402404904,24963.4923643378,2177
2022-03-10,18,2339.2076176956184,29950.758194407936,2467
2022-03-11,24,6849.38000887439,72004.418235926,2311
2022-03-12,26,-2058.2825967982726,62377.67383641964,4076
2022-03-13,15,56.882292534999436,45475.2895941368,2833
2022-03-14,13,-169.57573657814817,14759.820848089914,1194
2022-03-15,12,-3042.601569174428,30788.393440675456,1592
2022-03-16,21,526.0466142505561,30766.50160945733,2595
2022-03-17,11,426.39774060719446,41128.04648817767,2122
2022-03-18,25,-69.92417472658019,50403.48260273134,3946
2022-03-19,25,2002.018248968903,46937.34660878044,3616
2022-03-20,25,1539.4241328739201,30199.022561814352,2374
2022-03-21,11,-911.040063628158,27572.995736316476,1033
2022-03-22,15,1610.1765774995818,40487.41107176903,2016
2022-03-23,10,1821.2841899199354,33433.291698662084,2040
2022-03-24,10,576.8560733422717,21794.829509399067,1660
2022-03-25,14,275.3443255803767,85962.72808164696,4940
2022-03-26,32,-826.261579851249,92531.71552707316,3330
2022-03-27,21,-892.3734631608087,70458.54532061957,2412
2022-03-28,17,-569.526981790277,17975.220194405072,1310
2022-03-29,11,1016.678595577324,27010.64187978777,2408
2022-03-30,15,-2206.9304619274726,30924.484531957685,1597
2022-03-31,17,-1831.2842149998426,39546.91529323893,1695
2022-04-01,31,-599.7260282305177,66848.49693987271,3091
2022-04-02,36,1436.2512050412936,94921.1967577754,5300
2022-04-03,26,-479.2700449583492,87494.82696100265,3936
2022-04-04,13,3668.304602422508,42719.77649397958,1947
2022-04-05,15,-185.63418174538396,21881.307669841088,1656
2022-04-06,12,641.1828299526913,23694.857202114334,1322
2022-04-07,14,525.3110489362746,29597.079178355845,1679
2022-04-08,14,2477.1107799694114,42741.60408464214,2486
2022-04-09,26,940.40981284723,38875.49312531202,2686
2022-04-10,26,2115.045948496475,57509.64479209185,3429
2022-04-11,9,1539.8048916586713,33284.16083935027,2549
2022-04-12,17,2499.2464660383444,28561.895897804465,1306
2022-04-13,14,-56.742116601508286,29739.673488331962,1088
2022-04-14,14,-3549.614983356785,56598.30665581976,1915
2022-04-15,25,1104.2194091991187,64771.821037127105,3128
2022-04-16,33,1073.2806529043548,66576.38860311583,4031
2022-04-17,17,884.0502725616791,77780.63126447528,2853
2022-04-18,17,-1990.6303209891169,24904.788979304645,1781
2022-04-19,19,-3610.1699201369793,67451.53329080704,1531
2022-04-20,15,4973.442093640024,44011.24017371409,2225
2022-04-21,16,-3129.689901707559,47538.21739271054,774
2022-04-22,22,1533.0936757681293,64590.4855648538,4355
2022-04-23,22,2322.864265281867,102353.51662245703,4592
2022-04-24,15,6809.51359672358,58959.52186980908,2644
2022-04-25,8,404.6216959785648,17909.540806296634,1162
2022-04-26,10,1698.4642716043913,50336.25877790534,2982
2022-04-27,15,1237.504537099242,50020.85856532899,1706
2022-04-28,12,667.9315202283444,41301.02147842993,1953
2022-04-29,16,20.643837833833558,63854.60189230378,4499
2022-04-30,31,314.4631268697193,101955.77586107196,3910
2022-05-01,22,1208.5279539783328,60288.34323366677,2697
2022-05-02,13,1227.4153802946014,22695.468294746937,1325
2022-05-03,8,-804.2627434615232,27225.904689232677,1510
2022-05-04,15,1980.8785118219175,44157.44297130841,1343
2022-05-05,20,-986.2818458572729,27224.970887532832,2176
2022-05-06,33,6866.943534016309,68424.16317904882,3432
2022-05-07,27,688.7045427685196,63067.03576184586,2596
2022-05-08,16,2188.587213590276,81689.61322955048,3766
2022-05-09,13,2626.2285242138637,25039.415640203773,1739
2022-05-10,14,1428.9359153488826,29174.48309929277,1962
2022-05-11,14,-2303.2148168516633,42712.091093161354,2317
2022-05-12,19,1551.7762324278895,25256.23919526828,2242
2022-05-13,27,816.1815257818832,60994.55216608276,3308
2022-05-14,29,2371.3682958134323,103837.7111405658,4057
2022-05-15,24,427.24808539910657,61249.30117561631,4071
2022-05-16,13,-25.056580199061713,27233.872192931805,993
2022-05-17,11,1056.4528087957672,35473.10852486114,2719
2022-05-18,19,6804.722040985394,59459.89537791436,1829
2022-05-19,13,2232.7973905472727,30964.832440083363,758
2022-05-20,30,-770.6808142891184,58576.26743207282,3841
2022-05-21,26,2061.377878326942,51436.941467255674,2348
2022-05-22,26,4986.4599529312845,65914.89200656803,3674
2022-05-23,13,591.1743344446501,20637.102440842627,1338
2022-05-24,13,-2087.513744608967,34515.83533991759,730
2022-05-25,14,961.5416256404169,18450.336227418626,1848
2022-05-26,14,2610.829898447799,53662.34848149294,1273
2022-05-27,29,-2246.400097880865,75001.54639055341,3176
2022-05-28,26,-3639.7804834048593,71773.14569985538,3483
2022-05-29,30,-419.3621944854527,38508.353988267125,1737
2022-05-30,13,155.1763995259392,12755.759819758192,951
2022-05-31,11,2414.503284715932,41097.90518245914,2813
2022-06-01,14,-1780.048599202358,60148.59837498003,2705
2022-06-02,12,4598.490873150953,46354.21158264248,1612
2022-06-03,22,-1444.3294564629073,94370.5775514774,3693
2022-06-04,20,5199.833877784483,72104.39029224047,2606
2022-06-05,22,-1106.4264322667648,46871.06333814942,2896
2022-06-06,8,-1294.4896849653228,34417.76086330193,1081
2022-06-07,18,750.2298472968927,17338.084064621966,1755
2022-06-08,18,1427.7885900703866,28672.056410142082,1336
2022-06-09,15,1969.156063855278,23001.648607396608,1542
2022-06-10,29,1691.7307174873763,32015.34251427757,2352
2022-06-11,26,-625.1201096471706,78708.86941025965,3720
2022-06-12,31,-2257.5043304326846,67086.34138830962,4077
2022-06-13,15,375.65866069202957,18917.806780508618,1320
2022-06-14,18,-4393.91818089561,61438.76406063717,2024
2022-06-15,9,945.4184835457747,44326.24828111942,2785
2022-06-16,12,1766.532642151878,72221.42712036803,2339
2022-06-17,18,-2577.0969625954594,99491.74935806118,4590
2022-06-18,39,-2276.2168996265536,99830.2296823163,4509
2022-06-19,22,714.2585253371992,59055.60194541109,2384
2022-06-20,10,2422.607996881559,32905.44813644144,958
2022-06-21,12,273.86069927724134,35500.72771794291,2702
2022-06-22,11,919.5366526617856,17672.645686484233,1212
2022-06-23,16,-1637.3339857975382,63322.08414860991,3036
2022-06-24,23,400.0869573924018,49900.442847753446,3383
2022-06-25,28,4779.32581540523,80815.84500960552,3875
2022-06-26,20,224.03519410908535,41941.12715715401,3099
2022-06-27,14,2313.3427823778325,38662.053841879046,2193
2022-06-28,21,3974.565996194438,53259.0509733373,1562
2022-06-29,13,575.280418525012,34079.776236456055,2486
2022-06-30,17,548.3509053266836,19807.439149817816,1795
2022-07-01,27,-576.3555697163555,60014.17206533998,2724
2022-07-02,23,886.1529317352392,77473.09581018193,3927
2022-07-03,24,1036.4781607700584,63543.68619887593,3250
2022-07-04,14,-175.3945145668753,28801.514791202204,1657
2022-07-05,14,1910.6147309793005,55483.360128010994,1583
2022-07-06,18,3213.654499703624,58095.10460298357,3046
2022-07-07,8,-377.10223921125754,22963.59324287805,1660
2022-07-08,21,3718.4353130561058,85388.93784868516,4342
2022-07-09,26,-415.79552974110067,80902.43329818975,3395
2022-07-10,19,141.35224858592147,65757.42505428556,2554
2022-07-11,15,911.8842644406293,38113.80359833842,1898
2022-07-12,8,69.52856621162067,36656.988696691486,2264
2022-07-13,5,3813.462887253184,37329.573187103684,1758
2022-07-14,15,1762.1800415048622,33615.50776260351,2362
2022-07-15,16,4460.818583285861,70090.0816661907,3566
2022-07-16,35,1393.9725210315316,55796.99484621436,4544
2022-07-17,18,-963.8595258764162,70853.62475809024,3588
2022-07-18,12,36.57815369855699,19036.69213165094,1335
2022-07-19,11,-845.6731789520707,39414.88595962992,1363
2022-07-20,12,716.8341659013863,24647.104820103057,1832
2022-07-21,11,1503.438715133149,62215.64131649343,2830
2022-07-22,22,1218.1839272326313,44167.17578241387,3296
2022-07-23,23,1348.0001160533095,48059.03785198307,4136
2022-07-24,25,483.39791541874763,54861.933586936975,2934
2022-07-25,15,331.58043372209715,11116.189322578242,1121
2022-07-26,8,-963.2157515112344,49096.81873297062,1700
2022-07-27,13,-3422.9866717756554,31324.984648080055,1313
2022-07-28,17,-872.1474539840567,25508.72373804266,1736
2022-07-29,29,3988.8983401955784,87711.45262541596,4086
2022-07-30,28,1651.8084022725961,115476.38553290456,3993
2022-07-31,19,-739.6344634994311,57278.80381340489,3395
2022-08-01,5,664.3521534181764,11815.48790280451,1210
2022-08-02,14,1761.7777110770598,39693.06310735938,1668
2022-08-03,15,-693.9085214382687,30210.175849878244,1562
2022-08-04,17,770.8795209381071,65564.48703261299,2675
2022-08-05,23,3401.018420684791,103761.73025520143,4894
2022-08-06,45,706.2112776373199,60410.399361074255,3624
2022-08-07,21,1456.8012053571408,34298.008605968964,3175
2022-08-08,18,-832.5575933807083,16450.079209943768,1016
2022-08-09,18,2660.9528644019674,46044.78958199156,2066
2022-08-10,11,1060.3077791794385,48460.50871395205,2090
2022-08-11,15,2367.269725887106,47813.31240944152,1425
2022-08-12,23,666.0369684758484,90123.79692148416,2774
2022-08-13,24,-2740.2532300078938,80887.41558269964,4699
2022-08-14,22,3457.397153049224,62403.9091956623,2483
2022-08-15,12,348.52372239775826,25834.2826350888,1364
2022-08-16,12,693.511367612316,26119.887216564115,1870
2022-08-17,10,-1292.8537002714866,37757.60233805706,2084
2022-08-18,19,-1275.1314948387167,22806.9265409743,1897
2022-08-19,22,-488.35248595837584,52474.74062587924,3404
2022-08-20,30,-2202.7611439754146,78240.65660817719,3997
2022-08-21,20,5756.405653168037,75041.94566467954,2478
2022-08-22,14,-352.4369039579158,19656.872444284614,1059
2022-08-23,15,2822.105293207558,37441.42585196714,2964
2022-08-24,23,368.25038164592183,30506.710357504897,1634
2022-08-25,22,1236.7164572497913,44631.305829799494,2938
2022-08-26,21,2929.203775532399,54517.42420120957,3327
2022-08-27,25,4803.916601810842,69907.80265092412,3675
2022-08-28,29,1611.7217656368668,51176.326519551185,2056
2022-08-29,14,1819.380948054362,34440.37658835441,2417
2022-08-30,9,1555.278604746636,50410.396056730286,1637
2022-08-31,18,3953.7645820305383,58140.50291644248,2773
2022-09-01,19,462.46420475866717,52226.176164946984,3398
2022-09-02,23,-3833.490666650479,59892.7727937818,3133
2022-09-03,28,1938.3101134137562,95430.27245078489,4000
2022-09-04,22,1443.7383142148356,61591.761303095,3872
2022-09-05,8,242.97652955466987,13696.653031209455,1064
2022-09-06,13,2165.1634598057803,45030.2665778971,2277
2022-09-07,15,491.99342270765635,65007.98678485179,4353
2022-09-08,16,3828.4765636766424,38964.40586033663,2351
2022-09-09,28,2043.3099325407557,85773.09207950135,4978
2022-09-10,26,3817.9028277931066,119044.84572439254,3933
2022-09-11,23,-1030.0120844708474,59847.12527534937,3769
2022-09-12,17,898.3348275727701,35564.515908337526,1542
2022-09-13,18,2161.5759727850887,47666.66931884485,1500
2022-09-14,19,4826.54127211457,46529.833612835675,1269
2022-09-15,12,942.0075477178648,27707.074590479133,2295
2022-09-16,30,-1648.6816074520746,69122.4603855867,3497
2022-09-17,20,3758.016916903129,109200.9451759137,4465
2022-09-18,17,4747.643403833156,70589.01309146512,3041
2022-09-19,11,-1649.7517945953762,22014.566706582416,534
2022-09-20,13,716.0182402202128,32417.906826152383,2403
2022-09-21,23,1160.7116141325305,46026.96841248564,3430
2022-09-22,14,549.7142469925329,20467.930313888835,1467
2022-09-23,41,1296.7351243210603,58814.99825854016,3603
2022-09-24,24,-3382.5005348066907,75451.85209853905,2567
2022-09-25,14,45.055535494173114,56324.41821855742,2726
2022-09-26,5,-879.9878828435413,27787.17546234362,1145
2022-09-27,10,-1016.7086964720396,41879.20759202462,2303
2022-09-28,20,-350.15717503660954,30882.30419044487,1854
2022-09-29,12,1724.4522504101294,51713.37050418706,2016
2022-09-30,31,-431.2240229619208,63469.686508338506,3683
2022-10-01,31,4626.266770712711,85022.75193746363,3051
2022-10-02,27,3010.644543403402,62451.93002839309,3303
2022-10-03,9,708.6910088619393,30179.89208222235,1957
2022-10-04,15,1755.1351731830796,35621.4818364723,2702
2022-10-05,18,276.8905129993216,37012.950689807236,1990
2022-10-06,13,-2067.6225422555485,37453.187713852145,1785
2022-10-07,28,5346.1725085068465,69136.52206063026,2977
2022-10-08,23,2880.9736808503217,76297.53369736961,4683
2022-10-09,16,-3114.12908430685,66908.5278645643,2688
2022-10-10,17,3439.0698667474962,38007.1909225937,1305
2022-10-11,10,-347.68962130022334,36964.72552366347,2992
2022-10-12,16,-42.55708638891781,58276.01906387886,3327
2022-10-13,14,-95.01029817870759,57728.33059537534,2271
2022-10-14,25,3001.9307819550677,66472.4642501974,3541
2022-10-15,44,5885.233983957927,78581.42956116615,5110
2022-10-16,18,-2265.968189870431,72943.32971939379,3252
2022-10-17,17,2055.3863922740575,25152.548542948083,1776
2022-10-18,14,-1257.743654269877,42583.95666685411,2019
2022-10-19,19,1665.684827066037,47842.95436718394,2370
2022-10-20,13,1075.3275712277446,21226.60644529061,1611
2022-10-21,26,1251.2838632808448,79676.55300143149,3817
2022-10-22,26,-896.5422543216632,72390.69858746766,3328
2022-10-23,22,-2751.9316993134626,68630.04513544467,2758
2022-10-24,15,55.173783343101974,21394.801637624972,1572
2022-10-25,10,-1156.4148974402667,56825.46744778873,1540
2022-10-26,15,1996.6425388372086,51905.265515515086,2080
2022-10-27,18,1351.2791256339444,59401.66302393202,1783
2022-10-28,23,-414.40199271229017,72653.79793247668,3804
2022-10-29,39,-195.932021754946,84905.06520349262,4740
2022-10-30,25,2535.002556385065,54275.33668928211,2808
2022-10-31,22,922.195527212577,21176.62292933159,1714
2022-11-01,17,-196.5761835498973,31402.62667178051,1050
2022-11-02,9,-247.79130695022593,37140.361722461945,1643
2022-11-03,16,-83.45868596579956,21501.565950340824,1725
2022-11-04,25,4291.558028256218,95708.22595935415,3448
2022-11-05,29,1506.5478920877813,59715.001977652595,4746
2022-11-06,20,-423.6530350579664,56420.99232994372,3164
2022-11-07,20,331.12887981240476,23423.26465844826,1778
2022-11-08,15,1254.140933014758,66593.9363804261,3293
2022-11-09,17,334.87143289242215,32637.71890208073,2344
2022-11-10,13,-1843.3947889949675,40395.99933323327,2565
2022-11-11,24,2342.944851088162,91109.32180081605,3533
2022-11-12,31,542.8906446647818,75779.51318990366,4020
2022-11-13,20,3121.5522339107993,52587.488338176234,1453
2022-11-14,13,2931.0316978135033,53378.405073169226,3303
2022-11-15,13,2754.190811369537,74020.13418299907,3795
2022-11-16,20,-773.6617118813288,46526.440129637056,3048
2022-11-17,15,-3152.687326853925,35146.81725853885,1164
2022-11-18,38,4647.94159745215,111980.03241450086,3692
2022-11-19,25,175.51879459160813,107816.0510620233,5319
2022-11-20,27,-258.85528961500023,71077.07221723854,2854
2022-11-21,16,1550.4077920945524,41791.136424072836,1764
2022-11-22,19,1234.4913500035582,46587.65956315948,2312
2022-11-23,21,2711.9797470003136,52154.65079944229,2673
2022-11-24,11,829.4888501568828,30033.508420359005,2634
2022-11-25,36,1477.2974323811225,60936.153252051125,4222
2022-11-26,31,2271.330837430394,74965.00754943678,5164
2022-11-27,21,1131.6219492121054,68515.13085295224,3597
2022-11-28,12,440.9444434789509,24828.191634095245,1944
2022-11-29,17,2185.900967076179,29281.65829371487,2309
2022-11-30,29,1517.595648933563,45486.78910979225,2341
2022-12-01,16,4877.812856118528,35563.14350472571,1948
2022-12-02,32,-2193.1835849860713,59466.249658828194,3906
2022-12-03,29,5106.709079544063,76472.97264991695,3703
2022-12-04,20,2863.5070318097287,82969.96690964607,2638
2022-12-05,12,895.7774589698975,27077.130963852695,2334
2022-12-06,14,797.131162804311,61035.14753234378,2954
2022-12-07,19,1565.688792697819,36699.5836764045,1701
2022-12-08,13,646.7921594880476,36948.36246079774,2263
2022-12-09,28,3321.4182395399707,87823.16173300288,3859
2022-12-10,30,2935.6142795020596,80972.99840435317,3897
2022-12-11,26,609.3556335025014,83530.06188078655,3607
2022-12-12,14,53.98213691269601,21475.393129001208,1862
2022-12-13,12,1011.0443315057,52246.82420475742,1913
2022-12-14,19,-520.0384784758058,29874.453754928974,2336
2022-12-15,15,202.94419519672203,24563.65218371981,2039
2022-12-16,46,1090.483626549782,57865.22208677654,3221
2022-12-17,29,735.6809532742756,49694.25336978732,2400
2022-12-18,35,-1074.9405977894462,73686.45271968454,2122
2022-12-19,14,780.8646693564502,22659.19989539998,1153
2022-12-20,18,3795.887055777763,65611.78393816254,2852
2022-12-21,31,1105.895248356367,31483.08951997894,2261
2022-12-22,14,994.2076931710259,35865.14375196281,2686
2022-12-23,19,2657.2538647950873,86810.92170745476,4203
2022-12-24,29,-2974.6375720177225,92844.52112403366,5206
2022-12-25,21,2392.323778815372,51113.40496353798,3292
2022-12-26,17,-1502.2689177498512,67850.06287578483,2581
2022-12-27,19,357.0020952057613,27676.013647953358,1114
2022-12-28,15,397.10338111549856,32895.56989568986,2465
2022-12-29,17,1437.3836864213815,58881.30411013165,3224
2022-12-30,29,2063.8367024454574,80831.2019792233,4209
2022-12-31,34,-419.41126649470004,112804.94061004146,3169
2023-01-01,16,5442.856965100518,59124.29957037306,3034
2023-01-02,17,-560.7335699842498,51132.85328407085,2266
2023-01-03,13,57.44317491529276,16867.75523996085,1675
2023-01-04,18,-24.035066885425337,31353.78525622933,2756
2023-01-05,17,-810.6331417052234,43018.55784805005,2836
2023-01-06,21,4226.601222266625,92945.7851892661,4053
2023-01-07,27,2511.2108275648097,104732.52235365297,5257
2023-01-08,29,-836.41259011942,69891.29559296239,4153
2023-01-09,9,154.72090421712454,38491.15905558312,2982
2023-01-10,26,-685.6932617120457,50871.00417070961,2620
2023-01-11,17,-355.5271162781354,60159.52645693247,2494
2023-01-12,19,-169.86297101190206,57595.663102551225,2159
2023-01-13,31,-1083.435248498332,75226.03633032665,4440
2023-01-14,28,4322.022187081587,81855.19902568999,3677
2023-01-15,25,-1142.1387533397397,59688.25988996577,3418
2023-01-16,14,-1225.2846703159753,41815.44939191865,2057
2023-01-17,19,716.0749821699562,63515.311601934576,2186
2023-01-18,14,2183.4390653287733,35328.821321979005,3037
2023-01-19,20,255.30561929746102,27630.79037828592,2058
2023-01-20,26,750.7845303408029,55022.25552172219,4171
2023-01-21,31,6486.2783246971685,131986.47280008506,4857
2023-01-22,35,1519.234223633137,52668.784000540516,3078
2023-01-23,13,1664.175687575179,34613.4516697942,1665
2023-01-24,19,1038.4986690509434,39608.48580829344,2165
2023-01-25,12,2693.513251550653,87600.2169981111,3133
2023-01-26,14,-2195.229573169162,50084.10047578001,1774
2023-01-27,19,4598.777160311098,71419.51547150832,3540
2023-01-28,24,-183.33414212263267,82865.46925984435,4595
2023-01-29,31,-1336.7416960945056,69753.460176587,3586
2023-01-30,18,-760.818156528015,24407.6073973777,2146
2023-01-31,19,1796.0958408589458,28859.960497639197,1703
2023-02-01,13,-3880.6788658869727,65333.0457789651,2559
2023-02-02,15,-2334.732838301182,44939.94136044377,1373
2023-02-03,23,799.0855336333884,65862.06140064445,4131
2023-02-04,25,816.3166851396586,79546.60672243884,4425
2023-02-05,33,3756.7841170294446,87439.83781886459,3662
2023-02-06,20,1662.5995593666403,32680.763150785846,1216
2023-02-07,17,-756.9882655781757,58057.9067763394,3324
2023-02-08,13,-1598.9449328780977,61011.23534097587,2809
2023-02-09,26,1793.0637229637903,32377.91910927483,2722
2023-02-10,28,-2184.3606882020545,80968.66180994833,3844
2023-02-11,30,-2679.4538231454085,87708.62362830559,4721
2023-02-12,20,315.5822673656041,44436.53234456681,2620
2023-02-13,16,216.9615518018332,25919.459800987417,1818
2023-02-14,23,-1640.315392992599,40176.3868027403,2653
2023-02-15,20,1854.2443631486724,64747.76413373955,2760
2023-02-16,14,764.3486060104092,37036.41062222023,1912
2023-02-17,31,162.56724381685544,79120.83454515287,4070
2023-02-18,33,869.6587245688514,56866.102148602644,3977
2023-02-19,30,464.04332504232275,96816.5902193439,3082
2023-02-20,12,2278.5787554011886,40955.38542096189,1905
2023-02-21,25,141.19189834754718,62541.08421095391,3138
2023-02-22,18,2950.0062100278883,64103.68346090826,2668
2023-02-23,13,4233.351199989823,60239.72178639194,2172
2023-02-24,27,643.9740322967904,85944.98283896541,4351
2023-02-25,42,1809.139313059751,100657.2059104185,4330
2023-02-26,26,2512.863056506666,62238.72448177069,4091
2023-02-27,16,-2536.7062686786835,51413.59580116403,1935
2023-02-28,9,-1884.4365555442475,31585.26057337011,1815
2023-03-01,10,1577.481499385821,58174.28889601999,3183
2023-03-02,20,-2007.0321218490292,60620.83597503406,3037
2023-03-03,33,-163.36555269379215,52789.2779075925,3911
2023-03-04,32,7378.549976509278,87222.03581144843,5058
2023-03-05,25,1367.5818082918352,36617.38393155849,2343
2023-03-06,19,-1123.9286445031971,27140.34339462065,1040
2023-03-07,25,2757.061645536969,34853.867171487065,2534
2023-03-08,18,2351.081320578868,74013.82720907466,3835
2023-03-09,17,1669.384520543602,41499.08774756872,2509
2023-03-10,35,1156.2292200213424,69520.0044511821,2926
2023-03-11,33,93.8795185048881,83207.46754743646,4563
2023-03-12,23,591.9552478601023,64627.40594018237,3177
2023-03-13,18,1829.8931795339804,40854.70640758513,1445
2023-03-14,13,-2549.3652599573993,49222.68384000329,2180
2023-03-15,18,-1914.4776091878146,50035.22536189753,3026
2023-03-16,21,1032.8481648586194,48081.93933164095,2325
2023-03-17,41,-2.6589487689539055,61848.01160079235,3976
2023-03-18,37,1437.8755440471182,93261.25030371557,3800
2023-03-19,28,-2698.5161846262954,60462.10430505478,3808
2023-03-20,14,620.9189071215096,25508.04387529565,2324
2023-03-21,11,807.3161185232761,61805.268227317625,2871
2023-03-22,19,1103.7198385670047,54213.009598108605,2746
2023-03-23,18,4261.777501407014,88123.53214840761,2767
2023-03-24,22,4746.711447763797,96233.61494693707,5127
2023-03-25,26,1436.705175944912,92310.35238388102,5258
2023-03-26,18,2871.6617832686575,56504.02702760333,3360
2023-03-27,22,666.8100987085371,25637.395302247063,2357
2023-03-28,21,2010.7830634813101,27656.361870896908,1395
2023-03-29,27,-255.66402268264733,49429.066894194,2325
2023-03-30,10,1361.3403129830074,35095.21043419427,1501
2023-03-31,29,288.2020395623343,61109.48136778633,3236
2023-04-01,31,3444.2054835334116,84342.05695129061,5257
2023-04-02,25,2353.11663510056,39571.127148428925,3146
2023-04-03,13,506.20152980671287,42706.90424197976,3720
2023-04-04,21,-530.5818951623044,95136.10726937356,2655
2023-04-05,22,-550.6606971891226,42148.449893029,3370
2023-04-06,26,-398.87424046469494,13783.19284428594,1390
2023-04-07,23,2015.3597255436252,79842.29277671785,3899
2023-04-08,33,1630.3369887743147,57911.70393301621,2800
2023-04-09,22,415.5335074790408,55066.847277778026,3125
2023-04-10,14,-119.46531149007188,18266.53501895604,1387
2023-04-11,16,2646.804329585332,33464.513752113635,2613
2023-04-12,14,5169.285999549859,41726.21259473052,2349
2023-04-13,12,-649.8146036509161,38597.5029420409,1752
2023-04-14,23,1546.591368705194,55938.27457022005,3952
2023-04-15,36,-1292.9450108280262,93548.89621624524,4200
2023-04-16,26,110.34224338804856,43985.036861824745,2541
2023-04-17,16,-348.34869403278344,27407.191904306696,1808
2023-04-18,18,827.0417875316758,45558.775672976015,3124
2023-04-19,20,273.56186439816213,34786.02913261,2206
2023-04-20,8,589.5255441797674,32936.68127814424,2309
2023-04-21,27,2477.2810634104953,82636.84778156603,3902
2023-04-22,32,1601.9212297532629,74756.69574966858,4761
2023-04-23,28,1067.5982277414714,103238.5785910659,4763
2023-04-24,15,1037.8384676609162,52930.68391713362,2176
2023-04-25,14,4565.084358867826,54566.640428270766,2572
2023-04-26,17,305.37407852859945,62118.399419814,3896
2023-04-27,20,2403.292066936318,34522.39595725967,2730
2023-04-28,35,2259.028075309098,102562.6900682329,2834
2023-04-29,26,1266.029882436946,86464.65887761286,4728
2023-04-30,17,-1456.6597661996484,82914.11031402662,3790
2023-05-01,20,-2378.088643003693,64180.64289437701,2069
2023-05-02,15,232.31319842251105,54244.351595879394,2795
2023-05-03,16,-1004.9670779923265,52156.11682437974,2868
2023-05-04,18,1797.5065208732917,78205.88543259386,3872
2023-05-05,33,-2400.4541923081815,76520.8291539827,3335
2023-05-06,33,4536.058485162855,76728.81450615848,4642
2023-05-07,17,487.30043916456657,60799.30198107235,3775
2023-05-08,11,-983.930217390216,26275.94403788461,1586
2023-05-09,22,3922.6644949176484,60957.857738643725,3111
2023-05-10,17,1695.5902824482946,74164.76251005362,4266
2023-05-11,21,4663.433486117302,43161.68974985324,2165
2023-05-12,39,-1268.7120215196203,74357.02716757018,3712
2023-05-13,22,-3139.0848318719018,104531.73521686022,4202
2023-05-14,17,1098.634913658031,77242.13084226105,4091
2023-05-15,9,535.256816924161,18215.467855363175,1585
2023-05-16,12,1276.8997092511693,65936.14681813792,3534
2023-05-17,13,765.0944998298696,50712.935220002866,2593
2023-05-18,15,963.7314986208593,38319.00204765483,2315
2023-05-19,38,-2672.5450963085614,90436.45493065903,4300
2023-05-20,27,680.1047744315985,73134.69266442912,4637
2023-05-21,25,-2933.018645485601,66029.67875348307,3083
2023-05-22,13,1367.5669164803635,31895.332085419348,2625
2023-05-23,20,-184.53605103388531,70665.86430750115,3449
2023-05-24,29,-1122.1108304378577,60074.47042041207,3139
2023-05-25,20,615.9088421860835,30056.158109357366,2768
2023-05-26,42,471.39120775059723,98620.62417168896,4757
2023-05-27,28,2541.344907600139,66399.00307282415,4295
2023-05-28,33,-1695.950667893544,44265.193245076145,3761
2023-05-29,14,487.17627984864566,43003.51521405444,2043
2023-05-30,21,4177.6350385068345,68761.76454071653,2199
2023-05-31,27,878.5400333001983,57054.5601128662,2887
2023-06-01,17,2095.647926260018,48590.70827400288,2743
2023-06-02,25,5921.510537969527,86151.78580132352,4855
2023-06-03,42,728.7802364673424,92165.4552954406,6399
2023-06-04,22,859.9489688869387,76230.40448178526,4768
2023-06-05,9,-746.2130223014678,35984.95450930347,2762
2023-06-06,20,1164.6842950839296,35294.80519651756,2823
2023-06-07,25,-32.66328240404059,47635.374145470356,3281
2023-06-08,15,-586.2722260517035,65125.66702506542,3077
2023-06-09,30,97.38326306961017,97782.79925239708,4326
2023-06-10,31,3733.774584244698,94011.53388780679,4877
2023-06-11,34,-2777.9880478484,80696.80132353443,3642
2023-06-12,10,2074.281811852716,32274.39590423226,2324
2023-06-13,13,-380.2953398911686,31833.97863491617,2005
2023-06-14,15,2606.4434021356064,59548.622073452614,2485
2023-06-15,16,2892.365726552172,73317.23931088818,3107
2023-06-16,28,-1005.9584484164025,55811.058868354245,4144
2023-06-17,31,2035.1605249344389,103152.2076480273,6252
2023-06-18,29,776.945900482835,61279.978945974835,4155
2023-06-19,16,-271.924788942151,43459.74295279306,2483
2023-06-20,28,5707.181341756771,71168.26474146197,3273
2023-06-21,19,1462.946148570869,42377.10334980186,2583
2023-06-22,24,2569.809744235609,49782.743976412676,2539
2023-06-23,21,-609.4928010559489,82448.24772392258,5126
2023-06-24,30,-1664.777453499711,101063.63377690018,4559
2023-06-25,23,2104.449323509473,46718.78856830539,4066
2023-06-26,20,-304.87056349132985,44884.45119167391,1095
2023-06-27,17,542.190876603289,51621.77082408969,2442
2023-06-28,26,2649.86133312736,70711.52498727383,2679
2023-06-29,18,5108.450185319176,65426.23595132131,2131
2023-06-30,35,-105.51826635619972,51791.48187516401,3226
2023-07-01,43,-3223.9583131000486,68737.18846057856,2858
2023-07-02,35,-2230.9722998709517,49158.15904681063,3261
2023-07-03,19,-1075.3116378262432,60268.49647527335,3199
2023-07-04,20,116.43579432565737,29044.70637380447,2492
2023-07-05,27,-231.96031656890986,34244.87366729847,2091
2023-07-06,12,776.4627665021962,23518.833803981142,1667
2023-07-07,39,1299.0369892593087,71543.133418038,4633
2023-07-08,30,-362.9597554707149,117886.8403048114,5949
2023-07-09,19,3448.753753208457,118024.55094085725,4790
2023-07-10,11,370.20640042545324,43965.46963827613,3135
2023-07-11,15,2770.1003622466806,37827.867543906075,3049
2023-07-12,21,1094.5359717962056,53826.61817950478,3420
2023-07-13,16,-7406.306968331559,68351.39554785623,2366
2023-07-14,35,648.8381798047511,98527.98550531319,5857
2023-07-15,28,-2961.5504198690724,75230.3015968913,5079
2023-07-16,21,638.0095426667992,78623.69141412077,3731
2023-07-17,13,-658.8009248874638,30057.256308290525,1833
2023-07-18,25,347.66207089225503,60705.04370453529,3657
2023-07-19,21,2298.474845803507,77090.63855736227,2949
2023-07-20,26,-1508.2563001819572,35764.106793101564,2148
2023-07-21,39,2307.8644376497873,77259.65002567496,3046
2023-07-22,36,-953.2907210085249,79805.63605762232,3792
2023-07-23,28,50.06494103778928,74377.50070028998,3262
2023-07-24,14,994.0512259441286,37468.80102614961,2271
2023-07-25,20,-734.9875923497618,64723.86213847947,3671
2023-07-26,17,-1930.9070341797294,45309.81094783473,2139
2023-07-27,20,-1004.097718444782,47349.13926198265,2694
2023-07-28,33,-3928.7102680972293,110898.91000472184,4943
2023-07-29,37,6231.515040892148,115723.69782513106,4249
2023-07-30,25,-1423.7929670311546,76054.8430447595,3766
2023-07-31,14,-862.993599710722,42187.11370523142,2664
2023-08-01,17,-2134.488462942276,29242.545950235242,2685
2023-08-02,20,-355.61729728403515,35615.823644368524,2761
2023-08-03,22,2750.422244510116,65419.02615183339,1654
2023-08-04,39,-1834.9150988147749,108946.23280290657,5570
2023-08-05,32,1427.7561385264562,84115.3116256228,3608
2023-08-06,26,-593.9527866339342,67550.98037245117,2866
2023-08-07,17,-2302.360706339452,40268.44062394717,1661
2023-08-08,17,958.2957700582674,85381.68722743855,3794
2023-08-09,19,5285.6817387551755,86331.7671117724,3366
2023-08-10,17,2226.7961934934337,41938.081257347396,2961
2023-08-11,23,-1617.7595894775243,79441.9907163999,4082
2023-08-12,36,2946.87086262473,83048.43618982202,3887
2023-08-13,25,1638.3979979495705,55256.85111538701,2648
2023-08-14,22,881.9065921265754,42093.633551351086,1890
2023-08-15,24,3434.2690026579126,41622.19324227291,3037
2023-08-16,20,4424.188977217167,64377.52869370552,3930
2023-08-17,18,833.9752278713723,34948.34070652854,1929
2023-08-18,36,1346.9075100693444,77605.13975559552,5445
2023-08-19,33,2367.243894457135,91980.72854071269,5461
2023-08-20,29,-2093.6000699970596,70651.92280413829,3052
2023-08-21,18,276.8176947601354,16889.82054840943,1261
2023-08-22,23,-40.43990769050694,23851.969440174184,1300
2023-08-23,19,3.4157356127925596,36883.96975822223,2146
2023-08-24,18,819.3134274531751,46323.16716780589,3346
2023-08-25,43,-1624.5156048638612,74157.36905671061,3858
2023-08-26,40,-990.9453127907707,92179.84671213236,4539
2023-08-27,35,1785.7559933791279,82557.48959922338,3699
2023-08-28,15,659.9834695300008,20647.762006111123,2061
2023-08-29,12,955.2025898968524,59606.1332479863,3422
2023-08-30,23,1503.4102875163928,60310.89969814361,2785
2023-08-31,21,4729.290992991321,41573.01214636279,2530
2023-09-01,34,-615.9577941676196,96816.49149748102,4276
2023-09-02,37,4396.003250735725,98815.11412529016,4910
2023-09-03,28,-2087.981353547887,89310.05265291409,4160
2023-09-04,15,204.33990743675054,59328.91769456722,2474
2023-09-05,21,143.21737998228127,65848.9423461583,3011
2023-09-06,20,21.862766408847847,83127.23810090835,3384
2023-09-07,22,1741.2507641780078,39833.100818417974,3069
2023-09-08,31,1651.6649167910243,89630.61491275553,4668
2023-09-09,31,3129.669007767886,89330.57131137859,3574
2023-09-10,28,-3506.246761288667,113489.57404754995,4694
2023-09-11,15,3064.638200300035,79729.9611805284,2149
2023-09-12,19,-914.5143100148186,54803.00794004518,1444
2023-09-13,24,3361.926101537354,75940.13552923445,3262
2023-09-14,17,123.83671944491061,39733.0291111217,3037
2023-09-15,32,2952.44110080427,92365.93128197393,4575
2023-09-16,39,2965.958787272525,87661.29826864894,3820
2023-09-17,29,246.84941651727834,60989.545396211404,4386
2023-09-18,13,-932.6883744659576,19158.599671341857,968
2023-09-19,16,-361.52877557977473,51163.87214155261,2316
2023-09-20,15,5683.3380545409045,72196.45901080372,2181
2023-09-21,13,-193.76723760056768,72808.92650754868,3047
2023-09-22,33,3418.7212352416013,100891.6315656085,6169
2023-09-23,42,-2523.3763930284213,112699.89223255405,5534
2023-09-24,23,3521.418211368029,78257.7397729235,3946
2023-09-25,19,1264.6692372868774,34678.6617827693,2498
2023-09-26,16,3196.029555283251,66037.92448237397,3379
2023-09-27,27,866.6398299291731,43240.052645239084,3756
2023-09-28,22,2029.508267941348,66581.39011644393,3299
2023-09-29,32,2542.5540013222553,134531.73351831728,5742
2023-09-30,18,-2213.756683711278,74797.96011242036,3781
2023-10-01,33,675.6036693738101,54186.552315187444,2925
2023-10-02,22,-3580.811826667893,71401.04508032667,3125
2023-10-03,22,1256.3704851411565,25082.344187819144,1519
2023-10-04,21,946.1835558528209,41387.858595804086,3350
2023-10-05,17,4552.608363424403,85230.59505045299,4614
2023-10-06,29,1275.77820805419,66690.72645000143,5958
2023-10-07,45,4534.173799378454,69020.90433589189,3612
2023-10-08,29,-2066.711114159145,102664.15856605905,3887
2023-10-09,17,502.62938469548726,45166.339937022414,3525
2023-10-10,18,3024.492491392858,35124.83647375429,1307
2023-10-11,26,1126.268751535762,33286.569336380606,2462
2023-10-12,20,518.4183321448041,51597.162402247646,2518
2023-10-13,34,1745.9523623169969,76476.8400426616,4758
2023-10-14,35,827.1698719289681,92027.2993500381,4256
2023-10-15,31,-1446.9836528835513,56002.023385963446,3882
2023-10-16,21,1012.301346749829,25498.813050062374,2078
2023-10-17,17,-2569.1623329008135,41559.886223933245,1847
2023-10-18,20,2495.9648612720766,54551.00210573734,2915
2023-10-19,14,2020.0251720397414,70549.60335872303,2122
2023-10-20,42,2696.709005160847,114930.89044983193,6653
2023-10-21,31,83.81648616391317,118767.86526382694,5518
2023-10-22,32,1794.83651992344,90950.36452695946,5216
2023-10-23,23,-2171.657106639349,59882.258816851194,2215
2023-10-24,23,1655.4034295642018,43582.77441329504,2248
2023-10-25,27,1171.5634529336514,46935.20073669378,1919
2023-10-26,27,3828.344559033907,69569.05581044234,3372
2023-10-27,32,-398.8427365572418,78274.11622099271,4248
2023-10-28,39,-2590.0650294481607,80725.15473347693,4102
2023-10-29,27,-1584.3290529069036,101967.26659592522,4345
2023-10-30,14,877.5141342974972,31688.91403114392,1561
2023-10-31,20,1605.266839681828,43949.13079495698,3463
2023-11-01,25,2372.1683375401135,68789.48838600125,3169
2023-11-02,15,-52.765215292240896,60557.53891283417,3476
2023-11-03,39,2683.880828088022,61403.02928997646,4102
2023-11-04,45,7954.902750287279,141016.00843874097,5127
2023-11-05,31,-297.8784040728708,92478.53823795493,4156
2023-11-06,12,1761.1781296520012,67291.6204252575,2157
2023-11-07,23,869.6346291035791,62648.91813361556,3077
2023-11-08,29,4646.894038659009,65043.90053874051,3728
2023-11-09,22,3635.806061786697,42045.869118589326,1874
2023-11-10,33,6149.48250959955,108101.04103560024,5389
2023-11-11,26,-1946.033346322265,92525.42675733847,5251
2023-11-12,28,916.0562977273212,83771.93812721543,3626
2023-11-13,19,1015.2757675718544,23355.026273877396,2068
2023-11-14,19,1523.2301302380174,42153.86385727841,2951
2023-11-15,21,1483.1514615488666,51209.179974535204,2901
2023-11-16,12,2999.324572729593,43967.87520872391,2168
2023-11-17,29,7514.3931568167745,83412.31917682684,5796
2023-11-18,37,4327.6315741207545,77181.31635476481,4548
2023-11-19,23,2094.083656276319,84856.35086049352,5438
2023-11-20,15,1515.837425225931,42444.8164931932,2977
2023-11-21,21,1125.8551986806867,47567.24912256742,2416
2023-11-22,29,162.66412621955533,89495.9601813614,3415
2023-11-23,25,2811.5292116607216,39450.129953131596,2488
2023-11-24,30,7548.3083786464595,94468.65964134801,4148
2023-11-25,37,2849.7417442837527,101848.7847510146,4039
2023-11-26,29,123.52264636243099,61295.33879950978,4923
2023-11-27,8,-2818.134434143666,56991.54412462704,2299
2023-11-28,16,-176.02354505929023,49313.22407653841,2100
2023-11-29,27,1198.1286666488616,42614.999513609764,2391
2023-11-30,24,-144.10921825552208,26855.141269425312,1951
2023-12-01,29,-897.680925752225,59477.70824789925,3222
2023-12-02,37,4007.8778777486496,97100.41648616009,5152
2023-12-03,37,577.8545641200831,75098.67555808878,3920
2023-12-04,17,-2412.919228344689,42879.077788667026,1912
2023-12-05,14,-67.81894258814215,62026.75854132326,3631
2023-12-06,25,19.40577935013463,41312.15869264169,1912
2023-12-07,14,1756.9883640133166,68555.00621516863,3847
2023-12-08,41,2277.7185799722147,49030.03980442635,3205
2023-12-09,40,3419.810060391311,116585.9866873012,6406
2023-12-10,41,-151.68990609748798,84369.15916341207,5217
2023-12-11,15,-728.0418849496222,30357.857153590718,2094
2023-12-12,14,-2081.3511506364803,66897.72916326733,3603
2023-12-13,23,1725.5770273148096,63086.6908949154,3126
2023-12-14,25,56.57605674055894,50215.59495658616,4386
2023-12-15,30,2843.6937585133383,103102.21473439352,5061
2023-12-16,32,-3958.8350681769634,97345.02383689827,5085
2023-12-17,39,-2599.532508971037,89795.2051523885,3316
2023-12-18,12,-1601.4214591541213,70476.30131547054,2981
2023-12-19,24,2508.452567289106,110532.45111174563,3858
2023-12-20,20,2677.747473734595,57155.73881896143,3586
2023-12-21,22,1095.1748129114253,45072.0524101698,3759
2023-12-22,21,807.53578659818,93162.69361828288,3420
2023-12-23,30,-957.9027734274606,80030.94060721887,3461
2023-12-24,21,652.0484563786947,82546.25473221908,4703
2023-12-25,18,3669.951195684129,65739.40219012916,4026
2023-12-26,16,1169.2411153389514,45695.00742318398,2869
2023-12-27,16,584.5306898266356,60273.75940376209,3820
2023-12-28,22,1806.9091017117141,30068.609798974958,2499
2023-12-29,23,2851.8018764410936,111969.96574670552,5069
2023-12-30,39,2460.7341588249324,54443.11341883686,2911
2023-12-31,23,3295.788607445659,72895.71623459422,3760
2024-01-01,16,358.87731222849897,54031.528675516696,3252
2024-01-02,17,1571.0969049148955,48115.87616982844,3225
2024-01-03,32,3527.3795546140827,71546.74523915109,3642
2024-01-04,18,878.0959499030661,49335.97141869568,3328
2024-01-05,30,-480.44830910528765,95904.8043612855,4678
2024-01-06,40,-1318.6686595849492,109051.43700686132,4294
2024-01-07,36,-719.0932789232334,62029.15109085053,3830
2024-01-08,17,-322.58798240952643,41787.74686505356,1637
2024-01-09,21,1871.3906909666753,70097.12062834307,3002
2024-01-10,20,862.6605026706458,76701.25641008705,4340
2024-01-11,21,3013.53443659727,48948.60930523591,3184
2024-01-12,32,4179.09287882254,81280.03692094483,6553
2024-01-13,32,-563.1086335580437,128496.59463311803,6042
2024-01-14,23,-894.659569745213,76375.20019694963,4193
2024-01-15,18,1260.6945753665486,72236.71050022333,3123
2024-01-16,14,1234.077547478928,84028.90131823471,3361
2024-01-17,22,-1007.4771175282023,52653.610167578845,3208
2024-01-18,18,6935.009073633621,100835.44402219048,3335
2024-01-19,31,2229.73592041389,94455.30326088873,5038
2024-01-20,27,1888.025505614337,87122.32299838282,4879
2024-01-21,32,2029.1935953499483,82493.31739366906,4663
2024-01-22,16,-1969.2866973777586,59536.607395059116,2064
2024-01-23,17,1285.3255342030784,51981.91531265348,3453
2024-01-24,23,2053.734431516492,32272.304972350008,2857
2024-01-25,18,795.4069221491904,55371.83909691191,2663
2024-01-26,26,4714.531193758213,68131.21627366528,4741
2024-01-27,32,-94.92714668268525,71202.49950151161,4818
2024-01-28,26,3573.082944899877,61019.44091425004,3569
2024-01-29,23,-1020.8626135465337,56205.27360910849,2543
2024-01-30,21,53.39321608069629,55749.57869091681,3812
2024-01-31,18,3705.4457967203716,75137.68155245874,4460
2024-02-01,24,-1284.3428565459822,79597.39631981173,3268
2024-02-02,30,2991.224952775367,106804.80860421587,4973
2024-02-03,33,-1016.8833273583023,85888.69650185345,4113
2024-02-04,21,1565.9827810522904,78227.44902800463,4833
2024-02-05,15,-1400.9478912463615,41137.87990072799,3125
2024-02-06,17,974.7842866634633,26668.41719167493,1997
2024-02-07,24,2610.74140100114,61681.75343070592,3708
2024-02-08,22,-669.3869334814614,68729.80001480726,4067
2024-02-09,39,1100.3973358406333,126127.97910824878,5195
2024-02-10,38,4846.634001814382,96004.53649317232,4585
2024-02-11,42,1175.8285951165537,75003.55388369133,4537
2024-02-12,23,-260.8490300895878,45466.683288167376,1495
2024-02-13,18,2879.9312635991605,64737.04738994875,2034
2024-02-14,30,3440.1289941941704,60266.42004878201,3591
2024-02-15,26,1831.944808200382,76637.4543041594,2968
2024-02-16,40,555.3318572227965,69495.13813371421,3721
2024-02-17,34,-5.617164247675262,103836.19857884975,5525
2024-02-18,28,-661.7590987838361,96066.83959329431,4513
2024-02-19,16,-42.221223303029745,51667.87584322783,3255
2024-02-20,19,238.90356149865173,31775.411011567732,2579
2024-02-21,25,429.75891600826634,44168.56357687281,3414
2024-02-22,27,304.71560440081214,45622.66245189407,2075
2024-02-23,32,1326.7949184773004,126381.20914943932,3305
2024-02-24,33,296.6877836437811,93892.23380899343,4752
2024-02-25,26,484.90700488713867,81584.1017807706,3410
2024-02-26,9,1482.6015519730663,36726.25353050251,2266
2024-02-27,18,925.5113167216265,44059.01440413726,3361
2024-02-28,26,-2817.3619084596785,73930.7946847686,3283
2024-02-29,17,1003.538638543188,53107.04262561215,2981
2024-03-01,34,-5933.973777473157,89128.74464979605,2994
2024-03-02,29,-1918.2031212684274,109892.48071511353,5288
2024-03-03,32,994.8376045066018,75921.62032329949,3094
2024-03-04,20,-420.0467121166977,44111.916246838475,2018
2024-03-05,20,-302.8351803812736,55854.170344136444,3352
2024-03-06,30,339.8410694357442,90200.02483423024,3989
2024-03-07,21,1381.9520150340081,34263.01320168206,2440
2024-03-08,31,274.71811643128774,101865.5438917993,5923
2024-03-09,31,-201.08119442667544,67165.7964691963,2613
2024-03-10,29,1045.5871800554892,91706.48480172624,5209
2024-03-11,26,4492.657759005045,95437.70701180177,3433
2024-03-12,19,5244.205369411019,93847.54078491009,3477
2024-03-13,25,-1633.5515517741337,56273.1711249044,3861
2024-03-14,32,340.0066032764425,53215.77630228947,2719
2024-03-15,24,-3689.6127451858247,98594.22325254751,4000
2024-03-16,39,3384.5591120402432,76827.82066016243,5519
2024-03-17,30,2302.924225524675,86894.44839528322,4116
2024-03-18,21,1234.873886473342,39156.98606979392,1932
2024-03-19,23,-2140.494399918663,50035.64220767522,2244
2024-03-20,28,1197.2360016528962,85610.96955868803,3998
2024-03-21,21,1256.6208603281705,37573.50665100415,1928
2024-03-22,27,-2689.7007297187056,65430.34734839501,3965
2024-03-23,43,683.9144119217626,89518.96698771202,5671
2024-03-24,28,2661.1839389763268,70962.01953556249,4442
2024-03-25,26,-352.2172486085906,16963.27270560314,1218
2024-03-26,20,2001.028188825304,42766.94151174706,2577
2024-03-27,23,-1906.4029706715223,78039.89625190102,3570
2024-03-28,22,609.0256549954108,41516.2568547443,1883
2024-03-29,30,1489.6818717008694,88474.2039308727,4657
2024-03-30,42,-6190.77760902899,141428.61628965643,6209
2024-03-31,27,320.3477149173067,91169.92854770593,4380
2024-04-01,25,1239.7254888850885,27865.378186443144,2271
2024-04-02,29,2827.4820359470596,54352.67928851442,3475
2024-04-03,22,2875.3808945148294,68630.46927745304,3245
2024-04-04,21,3897.17670993139,55822.12979414886,3946
2024-04-05,47,-1338.503877357437,93852.49015688487,5037
2024-04-06,42,-505.4565491642545,64137.557043938876,4743
2024-04-07,26,1925.8976928969369,104326.88048155715,4382
2024-04-08,22,-2197.931203575676,43778.42520308722,3189
2024-04-09,30,726.8136413903077,47651.654943618356,3192
2024-04-10,24,2033.158282498408,84937.41376875996,4347
2024-04-11,19,1328.3644582435097,55956.11641839977,2173
2024-04-12,29,275.6519437197975,95083.32484828161,4781
2024-04-13,41,281.7962576117636,85081.72536102212,5018
2024-04-14,24,-757.3475628424649,58859.670520646745,2705
2024-04-15,16,2305.0082717329465,29032.6341782743,2502
2024-04-16,28,833.1140293850401,49084.456285136155,3797
2024-04-17,20,2776.3214558625277,57087.54992314218,3464
2024-04-18,19,-460.4288396699206,74642.87899926974,3070
2024-04-19,31,2922.5318510758307,115358.35389590288,4915
2024-04-20,39,544.146803976368,95558.66502563652,5806
2024-04-21,38,2145.5713917366666,100449.13297903065,3760
2024-04-22,25,1337.1577482563075,50652.327225372836,2308
2024-04-23,23,2691.86496848567,47502.20490370859,2159
2024-04-24,27,1936.0226015551063,59993.26576907841,2886
2024-04-25,15,2781.543130267417,60118.061520338684,2347
2024-04-26,43,527.0934611119195,78532.40300025126,4129
2024-04-27,28,5175.606352336009,109336.96035717448,4326
2024-04-28,25,512.9629388553867,42316.42176427362,2933
2024-04-29,23,2908.674255177646,63725.876136123574,3667
2024-04-30,18,1892.2762799630111,32841.17293730812,2969
2024-05-01,21,4845.930238802903,60070.54409934731,3577
2024-05-02,21,756.0102035048772,63619.68330219394,3275
2024-05-03,40,-4877.8789512479125,105696.47517600206,5311
2024-05-04,34,3984.0121271253797,104924.08548087406,4888
2024-05-05,31,1463.4045900757928,96745.52727276685,4633
2024-05-06,24,1116.1090198752354,33970.87562712611,2623
2024-05-07,19,1694.1749711030316,41448.906138181075,3192
2024-05-08,27,1580.849172708042,46073.60182736861,2757
2024-05-09,21,1191.8595863304654,71371.04283358187,2493
2024-05-10,30,-2051.461070967623,85040.1695208892,3618
2024-05-11,32,-236.513652369794,82689.86090047087,4764
2024-05-12,30,-716.2244626564518,102745.4310170474,4196
2024-05-13,27,3073.2659868886058,39218.41026589333,737
2024-05-14,26,-1241.9497480456503,49141.382597839365,2258
2024-05-15,21,1754.2879786364217,85123.72841750782,4974
2024-05-16,24,-2373.2398014250407,59809.85383252608,2881
2024-05-17,28,1104.6499983426447,109176.90521318649,5113
2024-05-18,33,3869.503725769955,92935.57137175264,5918
2024-05-19,33,2498.239361858936,66847.26025203042,3981
2024-05-20,22,1563.5712387148542,46221.944526809006,2910
2024-05-21,30,3674.7471594336344,63146.99389845525,3744
2024-05-22,23,1528.4423379788932,59693.75249487038,2805
2024-05-23,20,1383.3724486848052,54898.45290309073,2089
2024-05-24,25,-1945.6267283476711,77966.49928513369,5999
2024-05-25,36,2612.706980304022,117953.68035719225,5247
2024-05-26,24,6080.5508019587,101818.92310698843,4430
2024-05-27,15,893.9045212598938,81027.97906717309,2844
2024-05-28,26,504.7986602381194,20226.072687149906,1279
2024-05-29,23,-719.7652853607565,70737.83482331157,2813
2024-05-30,23,603.7828526103713,65152.27744700246,4072
2024-05-31,30,1402.5223101991526,82104.30134782952,4824
2024-06-01,43,1006.5307229436735,89444.74860558154,5027
2024-06-02,31,990.0627047163749,88118.49537805044,4771
2024-06-03,16,1167.0701281725073,39581.34835069422,2031
2024-06-04,18,-673.3795970735089,29397.65484398558,1652
2024-06-05,32,1856.8207311598826,63317.957653614954,4677
2024-06-06,22,-184.85417434025663,67705.2844566769,3738
2024-06-07,22,-2968.327329502655,102400.98006459587,5210
2024-06-08,42,3871.813765788143,80897.67588531678,5230
2024-06-09,23,3409.225096890142,57514.419692299445,4010
2024-06-10,24,708.6289774260475,77826.2691750017,3088
2024-06-11,23,2948.7953612306937,62115.758492784,2960
2024-06-12,26,337.1777585091004,73604.4628836471,3069
2024-06-13,25,969.7947102459456,75402.53178812392,4375
2024-06-14,27,2879.597420354804,135713.09365572,8180
2024-06-15,46,5337.329819712078,120498.88292046021,5703
2024-06-16,22,-2143.254876311613,62694.02885427447,3635
2024-06-17,31,621.1907851467546,55840.11457561465,3120
2024-06-18,23,112.39004288899865,51681.31633918547,2961
2024-06-19,23,5435.622067241482,60987.98840608576,3295
2024-06-20,23,314.63943352343256,32417.67018621041,1725
2024-06-21,39,5134.2216890564005,119851.9644599091,6399
2024-06-22,31,231.62044889547371,118563.42554901305,7387
2024-06-23,26,583.6506881045011,70510.41926727847,4766
2024-06-24,23,-112.61922172555194,29495.059956089157,1532
2024-06-25,17,228.13636704985672,57690.20050623801,3891
2024-06-26,28,718.5837440416238,91600.19558319647,4184
2024-06-27,22,999.6401964047511,36673.13029812324,2691
2024-06-28,38,2379.8440778682575,76816.0625271621,4402
2024-06-29,40,-1944.7886648792958,105437.04639453931,4377
2024-06-30,29,2914.907850405757,67211.63847029346,3217
2024-07-01,21,656.0118133241563,87979.18686365316,3479
2024-07-02,27,1773.0883585636884,47132.87584877819,1980
2024-07-03,26,18.22107858450721,69841.44321598206,5044
2024-07-04,26,-2317.2767915049626,78942.87797153182,2903
2024-07-05,33,7279.911494758989,85357.09387247094,4741
2024-07-06,38,6790.651031526433,110273.44302032972,5277
2024-07-07,34,-86.7483909933857,73508.21463719645,4540
2024-07-08,23,2152.6764376425845,68694.54653100793,3389
2024-07-09,24,614.4441425377098,57656.613235149794,3270
2024-07-10,25,587.8160043066414,69343.17721165574,3675
2024-07-11,22,1307.0592948795272,74162.91653341873,2565
2024-07-12,36,176.46765848462962,82922.43146762965,5874
2024-07-13,31,5189.270228926224,103656.36518614089,4873
2024-07-14,42,-1304.3490778076284,95713.59989299063,4729
2024-07-15,19,1289.9290373361864,52122.63568877111,2937
2024-07-16,24,496.4610121797244,59620.02994842224,2838
2024-07-17,26,-2138.7329103848333,66507.35711617874,3111
2024-07-18,20,173.33040163707815,57454.15815317907,3725
2024-07-19,24,-2399.2386540925627,100652.16304574777,4403
2024-07-20,32,127.2084495369589,99954.32463263384,5179
2024-07-21,35,-406.07396179357045,56555.33138148462,3596
2024-07-22,16,-2521.608626552051,70378.16401934343,2911
2024-07-23,25,640.4900210939755,47917.704664044206,2249
2024-07-24,17,164.51373156236798,47560.85732174664,3663
2024-07-25,22,-1438.568672651241,60266.14705672255,2582
2024-07-26,43,-1930.8451216933765,91320.59317452376,4523
2024-07-27,36,680.8588965293707,104890.49175387585,6014
2024-07-28,29,2849.2625838027416,99607.27034471314,4324
2024-07-29,20,1358.0074080128254,48315.7802589784,2438
2024-07-30,29,363.05163715729685,68446.06978164328,5308
2024-07-31,40,1909.0802690348044,77605.93297297589,2670
2024-08-01,32,2447.450758649255,73036.91622300139,2587
2024-08-02,31,2719.4827752436213,98793.21255868483,4620
2024-08-03,45,293.5089463951045,131778.3551614212,4955
2024-08-04,30,2954.4446561107693,62988.694101441826,4160
2024-08-05,24,-259.39500720601086,80739.42721553863,3424
2024-08-06,28,968.938376757827,43232.95963998853,2606
2024-08-07,32,5264.431139160432,84594.97859881724,4333
2024-08-08,16,3491.2763943954537,44963.49148348394,2551
2024-08-09,29,64.54464733185472,106490.99875752733,4441
2024-08-10,32,37.99688121177881,60317.89474255596,4241
2024-08-11,31,-126.61291223609686,72430.17808268529,4932
2024-08-12,16,-826.5007062127663,64947.73810116986,3384
2024-08-13,7,-1137.7251822807812,92727.20382231988,3168
2024-08-14,26,3251.49998046036,47479.7802487983,3283
2024-08-15,16,1374.3438283697235,74496.61349070529,4034
2024-08-16,33,1791.021139902568,65478.97151830912,4603
2024-08-17,25,-1941.7955614532516,124026.50934671953,5610
2024-08-18,41,1129.1424193403368,85530.08703880523,4030
2024-08-19,17,881.1233437582517,55661.44537151961,2567
2024-08-20,19,1254.4900210082317,84379.51799431475,3730
2024-08-21,28,1778.3798979876715,59894.45590738317,3200
2024-08-22,19,-435.5466903978212,50986.3637671741,4119
2024-08-23,29,1257.5937397342075,122178.86165533171,5452
2024-08-24,34,2153.1303038825135,94299.95440121894,4602
2024-08-25,25,2973.064192834157,94304.72200085918,5666
2024-08-26,29,1711.96597895466,61116.64188683061,3515
2024-08-27,14,2146.946144379324,67760.7668366267,3114
2024-08-28,22,3247.884551332563,68267.73871148264,3590
2024-08-29,20,660.3703133235107,53429.89255820505,2706
2024-08-30,35,-6850.260927280734,142669.6673941997,5893
2024-08-31,33,4029.286067188712,75195.18596381637,4631
2024-09-01,29,2596.4025378686656,107102.73363748059,5099
2024-09-02,25,-993.3937506022743,42971.61351666527,2972
2024-09-03,28,2085.7678233402094,78861.54753142726,3537
2024-09-04,17,-231.72987783159235,66997.78815865156,3564
2024-09-05,29,2161.940195565392,72384.77044999159,4861
2024-09-06,29,-2345.4336804834857,94468.52623932558,5491
2024-09-07,45,-483.56546575776724,118878.69663072276,5367
2024-09-08,32,3052.949908278565,90737.35772799322,4440
2024-09-09,25,-278.29311629428815,42124.71367564738,2600
2024-09-10,22,677.283867219897,79450.06854313654,3207
2024-09-11,22,-5576.772303778489,65983.39371203068,3083
2024-09-12,18,3992.353885215085,56919.838226372725,2895
2024-09-13,32,1850.2016662242377,124659.47864691465,5618
2024-09-14,46,3684.6087716994384,83470.64445704385,4187
2024-09-15,28,4685.615045478842,82536.42357129663,5285
2024-09-16,21,-25.305477674491257,42362.23510554833,2384
2024-09-17,24,1213.5946040083447,57487.03295115224,3184
2024-09-18,30,1124.7583177205556,75601.76601352425,3528
2024-09-19,28,-460.08487907823394,47271.054946001575,4143
2024-09-20,42,3027.38812596853,64639.3256880127,5319
2024-09-21,38,434.0585553857527,97374.05830084131,5642
2024-09-22,27,78.23644860597119,90234.33105608747,5406
2024-09-23,31,2259.860272292703,38943.65586815371,2646
2024-09-24,28,1726.4396420555922,76198.7769820034,3428
2024-09-25,21,5392.237305949164,69631.3386376916,4582
2024-09-26,21,3208.3185808398453,51021.06806980191,3593
2024-09-27,28,1012.714702809168,62362.8527017662,3340
2024-09-28,26,5061.692988116851,102074.68856786554,6417
2024-09-29,32,2700.2816594599662,57731.13267880118,3927
2024-09-30,21,1281.927290750987,47683.40410191706,2982
2024-10-01,18,-243.00452494069523,88594.86926838146,2579
2024-10-02,26,603.6937087316708,98432.05227809105,3204
2024-10-03,22,2389.7835423261117,54726.66688050084,2924
2024-10-04,38,719.3910127418662,75545.62156387784,4286
2024-10-05,42,1207.917198973389,59034.33159964316,4643
2024-10-06,42,-452.08912461197747,111453.62206298926,5093
2024-10-07,14,500.97731954341623,72877.95772391558,3787
2024-10-08,27,2669.8419163337053,73022.81525489045,2830
2024-10-09,28,2081.160030175255,65087.49858998427,3946
2024-10-10,21,3028.6978531293644,83711.28886351283,3592
2024-10-11,38,1306.5517033256663,129191.53413389905,4696
2024-10-12,31,1033.9742569275775,84726.88051442176,3796
2024-10-13,31,2138.7635961035453,114728.93091225853,6757
2024-10-14,22,1683.530440980945,65381.60157821174,2498
2024-10-15,20,-1956.949001239111,43416.4610860533,2675
2024-10-16,28,-3853.314855745637,94663.10485556841,2367
2024-10-17,24,-1231.7242341015535,80506.81743025697,3553
2024-10-18,41,2496.795190431639,111109.12318764917,6304
2024-10-19,39,-5589.1080690435965,115019.25186801018,5545
2024-10-20,35,-1282.879898738474,55241.77361979923,3495
2024-10-21,31,371.6500547262375,26133.877866618957,2403
2024-10-22,27,-1283.7361480485333,85862.11647646573,3668
2024-10-23,36,2626.8456707933915,44668.307320344764,3313
2024-10-24,28,1869.4966461986587,54871.32336677405,3710
2024-10-25,37,218.80970644392522,112879.01158068872,5193
2024-10-26,41,1397.9456561704794,96704.14969501294,5143
2024-10-27,31,1245.9905957589012,106263.07873651592,4847
2024-10-28,24,1454.3257284683807,44525.297192210164,2361
2024-10-29,25,156.97069008509646,55072.680329417875,3317
2024-10-30,26,-1157.890949141397,48476.69728335829,2432
2024-10-31,29,663.7210772043843,50264.28798037255,3155
2024-11-01,39,554.5913606634446,117170.76155683449,5026
2024-11-02,46,6567.193365855501,71562.0448879788,4482
2024-11-03,31,5275.846204459071,120856.86548265445,4052
2024-11-04,29,987.3184528675833,61466.87846395162,3890
2024-11-05,19,4150.32958953062,73830.99269365452,3668
2024-11-06,33,-2139.557380180957,76724.64849883011,4086
2024-11-07,23,-1741.0343952917779,104877.68912318567,4766
2024-11-08,49,5656.092880579241,108896.43107486602,5305
2024-11-09,45,1436.3577446445431,81863.70278372869,5523
2024-11-10,32,2244.844191385778,57562.663448941785,3200
2024-11-11,23,5146.230238165842,79901.96517298529,4046
2024-11-12,20,1868.9542853239882,92669.0280634461,4163
2024-11-13,22,2060.263767735821,74158.64598200347,4072
2024-11-14,28,2882.386959038702,71249.98274501643,4598
2024-11-15,49,2873.75469478832,111088.85892075418,5550
2024-11-16,33,1892.8580880323225,130613.88417402079,5471
2024-11-17,36,1402.6511005837115,73900.19738843582,4238
2024-11-18,19,1749.8431826005565,121300.41134237555,4891
2024-11-19,21,851.4113317996522,80391.70275995231,4793
2024-11-20,24,4052.0731042326283,98270.76744476873,5150
2024-11-21,17,-730.2681832433121,77294.47782836639,3482
2024-11-22,30,2483.0458960023816,108230.76689590173,5769
2024-11-23,41,-3413.953894283275,113022.17588413147,4856
2024-11-24,34,622.8739319131062,77315.24508766472,3750
2024-11-25,25,-385.9661826656104,40676.72967212348,2597
2024-11-26,26,440.92185321428855,73925.85912528289,3388
2024-11-27,20,1841.1843533704118,64463.38842170056,2596
2024-11-28,20,2134.8251617096785,33866.224167069704,2295
2024-11-29,35,6509.824098357488,90441.52084600776,6013
2024-11-30,42,2505.6638514603424,86634.66399498415,5309
2024-12-01,33,1092.0650882796704,62715.64298564026,2793
2024-12-02,18,-2433.214320005082,67077.87271256541,4385
2024-12-03,24,1488.124277436384,54460.319514555675,2884
2024-12-04,28,-642.9938531262367,85020.871776585,3652
2024-12-05,29,2717.2189629795685,60761.00612054631,3133
2024-12-06,47,3560.1552547326146,110658.41123438225,5159
2024-12-07,37,657.6733572220174,126447.64686426497,4769
2024-12-08,31,1653.161464453502,81672.15524149356,4421
2024-12-09,21,-346.9659450384672,42081.54941303221,3379
2024-12-10,22,1159.4586071770125,56834.712113815214,3190
2024-12-11,41,3497.4245835680504,66523.8727015794,2939
2024-12-12,23,1976.2216836900097,37165.85533812067,2945
2024-12-13,32,3727.698897314866,86360.06210893631,4604
2024-12-14,33,649.7958597938928,79627.88775032749,4876
2024-12-15,32,3735.3167643080387,101216.33754416546,4133
2024-12-16,22,-477.1759955630463,96975.13860481967,3897
2024-12-17,27,984.6775437847714,41471.0054855715,3124
2024-12-18,34,813.166880168417,41925.56585645466,2976
2024-12-19,28,968.9209197013988,53643.507876322576,2231
2024-12-20,36,1895.7020173959074,61880.70877456013,3646
2024-12-21,34,-4686.070485338152,127899.31078953935,5497
2024-12-22,31,2768.4451624847816,112835.7784333189,6344
2024-12-23,22,171.57254369805958,41939.168416911525,2121
2024-12-24,21,2702.3325838757387,66876.01281636306,3748
2024-12-25,25,2429.9108893081357,70910.22847724627,4608
2024-12-26,31,2536.590026937408,60373.30112656401,2838
2024-12-27,26,-1257.422759404978,145858.1287758913,6564
2024-12-28,38,3636.6718764964594,108929.77398526974,5919
2024-12-29,31,3395.8946371031684,64124.764319656824,3297
2024-12-30,22,1551.9008691313797,85592.3050907287,3668
2024-12-31,32,345.3296473327283,100031.25277086877,4291
2025-01-01,27,291.1631277681156,57579.149318093354,3475
